epoch,loss,lr,val_loss
0,0.0011160244466736913,1e-04,0.0007853222195990384
1,0.0006786877638660371,1e-04,0.0006531934486702085
2,0.0005691492115147412,1e-04,0.0005913502536714077
3,0.00047771332901902497,1e-04,0.0005443660775199533
4,0.0004138709045946598,1e-04,0.00048491047346033156
5,0.00036088150227442384,1e-04,0.0004686072643380612
6,0.00029180137789808214,1e-04,0.0004621051193680614
